<?xml version="1.0" encoding="UTF-8"?>
<beans xmlns="http://www.springframework.org/schema/beans"
       xmlns:xsi="http://www.w3.org/2001/XMLSchema-instance"
       xmlns:security="http://www.springframework.org/schema/security" 
       xsi:schemaLocation="http://www.springframework.org/schema/beans http://www.springframework.org/schema/beans/spring-beans.xsd http://www.springframework.org/schema/security http://www.springframework.org/schema/security/spring-security.xsd">

    <bean id="filterMultipartResolver" class="org.springframework.web.multipart.commons.CommonsMultipartResolver">
        <property name="maxUploadSize" value="100000000" />
    </bean>

<!-- Creating H2 Database Connection here -->
<bean id="dataSource" class="org.springframework.jdbc.datasource.DriverManagerDataSource">
    <property name="driverClassName" value="org.h2.Driver"/>
    <property name="url" value=" jdbc:h2:tcp://localhost/~/test" />
    <property name="username" value="sa" />
    <property name="password" value="" />
</bean>

<bean id="sessionFactory" class="org.springframework.orm.hibernate4.LocalSessionFactoryBean">
    <property name="dataSource" ref="dataSource"></property>
    <property name="hibernateProperties">
        <props>
            <prop key="hibernate.dialect">org.hibernate.dialect.H2Dialect</prop>
            <prop key="hibernate.hbm2ddl.auto">update</prop>
            <prop key="hibernate.show_sql">true</prop>
            <prop key="hibernate.format_sql">true</prop>
        </props>
    </property>
    <property name="packagesToScan">
        <list>
            <value>com.emusicstore</value>
        </list>
    </property>
</bean>

<bean id="transactionManager" class="org.springframework.orm.hibernate4.HibernateTransactionManager">
    <property name="sessionFactory" ref="sessionFactory"/>
</bean>
<bean id="multipartResolver" class="org.springframework.web.multipart.commons.CommonsMultipartResolver">
	<property name="maxUploadSize" value="1024000"/>
</bean>


<!-- Spring Security Configurations -->
<security:http auto-config="true" use-expressions="true">
	<security:anonymous enabled="true" />
	<security:intercept-url pattern="/admin/**" access="hasRole('ROLE_USER')" />
	<security:form-login 
		login-page="/login"
		default-target-url="/admin/"
		authentication-failure-url="/login?error"
		username-parameter="username"
		password-parameter="password" />
	<security:logout
		logout-success-url="/login?logout"
		logout-url="/login?logout" 
		invalidate-session="true"
		/>
    <!-- <security:csrf disabled="true"/>  -->
    <security:csrf />
</security:http>

<!-- User schema is taken from this link: http://docs.spring.io/spring-security/site/docs/3.0.x/reference/appendix-schema.html -->
<security:authentication-manager>
    <security:authentication-provider>
        <security:jdbc-user-service data-source-ref="dataSource"
                                    authorities-by-username-query="SELECT username, authority From authorities WHERE username = ?"
                                    users-by-username-query="SELECT username, password, enabled FROM users WHERE username = ?" />
    </security:authentication-provider>
</security:authentication-manager>

</beans>
